Date,Time,Open,High,Low,Close,Volume,Openint
2026-05-08,11:33:00,77434.12,77434.12,77309.18,77315.65
2026-05-08,11:36:00,77314.1,77330.74,77288.1,77330.74
2026-05-08,11:39:00,77330.74,77336.12,77301.43,77323.36
2026-05-08,11:42:00,77326.75,77354.6,77317.38,77344.61
2026-05-08,11:45:00,77341.18,77342.32,77297.38,77334.6
2026-05-08,11:48:00,77338.99,77338.99,77328.16,77332.1
2026-05-08,11:51:00,77332.1,77332.28,77329.5,77330.32
2026-05-08,11:54:00,77330.32,77330.32,77323.08,77323.99
2026-05-08,11:57:00,77323.99,77324.51,77323.76,77323.76
2026-05-11,05:42:00,76638.09,76638.09,76638.09,76638.09
2026-05-11,05:48:00,76424.1,76560.71,76424.1,76453.26
2026-05-11,05:51:00,76452.92,76454.55,76367.91,76405.34
2026-05-11,05:54:00,76391.87,76414.87,76368.26,76406.42
2026-05-11,05:57:00,76412.88,76493.98,76408.76,76430.38
2026-05-11,06:00:00,76435.95,76535.31,76435.95,76535.31
2026-05-11,06:03:00,76528.9,76556.1,76510.82,76510.82
2026-05-11,06:06:00,76516.51,76516.51,76408.88,76415.36
2026-05-11,06:09:00,76413.21,76415.9,76328.98,76328.98
2026-05-11,06:12:00,76326.07,76342.49,76258.63,76307.92
2026-05-11,06:15:00,76314.74,76356.32,76239.79,76244.46
2026-05-11,06:18:00,76243.88,76306.37,76243.87,76305.9
2026-05-11,06:21:00,76312.08,76321.4,76272.75,76290.35
2026-05-11,06:24:00,76292.99,76296.39,76262.15,76287.73
2026-05-11,06:27:00,76291.57,76347.98,76261.55,76264.69
2026-05-11,06:30:00,76263.55,76297.72,76246.26,76257.73
2026-05-11,06:33:00,76260.61,76304.04,76260.61,76298.66
2026-05-11,06:36:00,76292.57,76322.77,76292.57,76317.16
2026-05-11,06:39:00,76315.36,76333.73,76298.15,76316.26
2026-05-11,06:42:00,76327.21,76352.49,76311.68,76331.46
2026-05-11,06:45:00,76317.25,76336.41,76299.24,76314.1
2026-05-11,06:48:00,76317.51,76320.52,76254.06,76254.06
2026-05-11,06:51:00,76257.27,76258.28,76168.4,76184.12
2026-05-11,06:54:00,76185.06,76262.07,76182.61,76239.85
2026-05-11,06:57:00,76236.44,76262.09,76230.77,76258.92
2026-05-11,07:00:00,76257.37,76264.63,76227.52,76239.27
2026-05-11,07:03:00,76238.88,76254.32,76215.77,76232.94
2026-05-11,07:06:00,76231.04,76268.2,76223.48,76261.31
2026-05-11,07:09:00,76264.39,76264.39,76210.5,76210.5
2026-05-11,07:12:00,76215.03,76244.5,76185.06,76243.33
2026-05-11,07:15:00,76239.65,76239.65,76205.79,76232.87
2026-05-11,07:18:00,76229.67,76241.04,76202.03,76227.29
2026-05-11,07:21:00,76224.69,76243.19,76199.87,76237.73
2026-05-11,07:24:00,76238.15,76286.99,76233.04,76286.99
2026-05-11,07:27:00,76281.85,76327.94,76281.85,76304.01
2026-05-11,07:30:00,76301.32,76321.29,76301.19,76312.1
2026-05-11,07:33:00,76300.14,76324.12,76296.5,76296.5
2026-05-11,07:36:00,76291.2,76341.92,76281.68,76332.76
2026-05-11,07:39:00,76332.76,76368.42,76326.74,76337.37
2026-05-11,07:42:00,76333.12,76398.45,76333.12,76398.45
2026-05-11,07:45:00,76403.84,76414.08,76386.61,76398.06
2026-05-11,07:48:00,76396.82,76419.17,76393.87,76407.36
2026-05-11,07:51:00,76406.79,76466.08,76385.37,76465.96
2026-05-11,07:54:00,76467.91,76485.66,76447.91,76469.62
2026-05-11,07:57:00,76462.71,76468.02,76421.72,76422.88
2026-05-11,08:00:00,76414.97,76439.05,76388.6,76437.83
2026-05-11,08:03:00,76433.04,76433.04,76368.15,76412.91
2026-05-11,08:06:00,76400.52,76433.69,76386.82,76428.52
2026-05-11,08:09:00,76437.34,76437.59,76396.63,76396.63
2026-05-11,08:12:00,76398.79,76498.21,76398.79,76498.08
2026-05-11,08:15:00,76497.2,76508.77,76491.35,76500.66
2026-05-11,08:18:00,76499.13,76526.84,76432.89,76433.12
2026-05-11,08:21:00,76433.81,76438.65,76400.93,76419.17
2026-05-11,08:24:00,76421.12,76461.35,76415.28,76454.9
2026-05-11,08:27:00,76452.76,76465.14,76430.84,76437.63
2026-05-11,08:30:00,76432.14,76436.69,76416.01,76431.93
2026-05-11,08:33:00,76433.34,76444.13,76420.36,76434.4
2026-05-11,08:36:00,76435.3,76448.24,76407.37,76433.72
2026-05-11,08:39:00,76433.02,76459.08,76422.92,76453.33
2026-05-11,08:42:00,76454.9,76474.25,76441.74,76443.56
2026-05-11,08:45:00,76435.35,76443.49,76422.72,76434.51
2026-05-11,08:48:00,76436.24,76453.19,76412.32,76418.11
2026-05-11,08:51:00,76417.67,76450.52,76417.67,76427.08
2026-05-11,08:54:00,76426.92,76452.68,76418.81,76452.68
2026-05-11,08:57:00,76455.12,76464.78,76445.39,76446.17
2026-05-11,09:00:00,76444.46,76445.22,76411.83,76418.51
2026-05-11,09:03:00,76417.4,76418.82,76356.4,76360.01
2026-05-11,09:06:00,76356.59,76406.96,76356.15,76398.07
2026-05-11,09:09:00,76392.16,76417.2,76334.47,76334.47
2026-05-11,09:12:00,76333.15,76396.28,76327.62,76388.33
2026-05-11,09:15:00,76388.53,76488.17,76387.04,76481.35
2026-05-11,09:18:00,76480.6,76485.47,76445.07,76445.07
2026-05-11,09:21:00,76441.33,76460.62,76436.99,76453.76
2026-05-11,09:24:00,76454.41,76478.54,76448.05,76450.24
2026-05-11,09:27:00,76446.59,76463.42,76417.53,76463.05
2026-05-11,09:30:00,76462.12,76482.19,76460.68,76467.27
2026-05-11,09:33:00,76467.87,76471.21,76404.46,76409.68
2026-05-11,09:36:00,76417.03,76428.11,76353.53,76353.53
2026-05-11,09:39:00,76354.7,76411.28,76337.71,76402.47
2026-05-11,09:42:00,76403.15,76465.6,76403.15,76431.14
2026-05-11,09:45:00,76431.96,76472.54,76428.32,76470.04
2026-05-11,09:48:00,76479.86,76482.3,76445.6,76449.65
2026-05-11,09:51:00,76450.39,76461.78,76436.61,76458.71
2026-05-11,09:54:00,76454.07,76481.86,76452.42,76468.48
2026-05-11,09:57:00,76467.97,76495.37,76465.43,76486.06
2026-05-11,10:00:00,76488.17,76488.17,76466.09,76475.58
2026-05-11,10:03:00,76477.59,76493.77,76467.68,76484.79
2026-05-11,10:06:00,76487.86,76550.95,76469.77,76548.3
2026-05-11,10:09:00,76550.07,76583.86,76513.2,76517.8
2026-05-11,10:12:00,76529.98,76532.04,76477.95,76519.63
2026-05-11,10:15:00,76519.11,76552.94,76518.19,76547.91
2026-05-11,10:18:00,76545.79,76593.42,76545.79,76580.43
2026-05-11,10:21:00,76582.74,76594.09,76566.9,76576.93
2026-05-11,10:24:00,76577.24,76592.59,76563.27,76592.59
2026-05-11,10:27:00,76593.47,76632.25,76590.61,76594.51
2026-05-11,10:30:00,76597.66,76603.04,76533.41,76533.41
2026-05-11,10:33:00,76529.89,76543.73,76508.44,76520.74
2026-05-11,10:36:00,76523.37,76547.01,76516.04,76547.01
2026-05-11,10:39:00,76545.74,76558.49,76520.86,76533.33
2026-05-11,10:42:00,76529.13,76542.6,76503.48,76503.48
2026-05-11,10:45:00,76501.08,76508.25,76460.94,76461.79
2026-05-11,10:48:00,76469.17,76489.25,76425.66,76447.23
2026-05-11,10:51:00,76445.14,76482.01,76444.31,76459.32
2026-05-11,10:54:00,76460.02,76466.42,76445.31,76452.89
2026-05-11,10:57:00,76447.99,76460.21,76419.63,76437.67
2026-05-11,11:00:00,76435.66,76442.16,76384.37,76428.44
2026-05-11,11:03:00,76416.99,76416.99,76399.57,76407.1
2026-05-11,11:06:00,76405.19,76478.86,76403.54,76453.62
2026-05-11,11:09:00,76457.43,76463.53,76374.9,76387.37
2026-05-11,11:12:00,76386.3,76394.04,76369.35,76387.79
2026-05-11,11:15:00,76388.93,76399.25,76329.54,76355.99
2026-05-11,11:18:00,76356.39,76383.23,76331.5,76338.59
2026-05-11,11:21:00,76332.49,76344.24,76253.91,76342.06
2026-05-11,11:24:00,76342.06,76350.4,76276.89,76286.7
2026-05-11,11:27:00,76290.36,76304.06,76267.56,76269.72
2026-05-11,11:30:00,76272.97,76272.97,76229.18,76231.64
2026-05-11,11:33:00,76232.99,76232.99,76114.52,76117.78
2026-05-11,11:36:00,76113.59,76113.59,76037.73,76042.98
2026-05-11,11:39:00,76039.36,76040.12,76004.83,76013.27
2026-05-11,11:42:00,76014.37,76034.36,75962.88,75974.55
2026-05-11,11:45:00,75967.17,76004.12,75966.45,75977.27
2026-05-11,11:48:00,76046.78,76046.78,76044.59,76044.59
2026-05-12,05:42:00,75688.39,75688.39,75688.39,75688.39
2026-05-12,05:48:00,75701.31,75725.68,75548.28,75592.18
2026-05-12,05:51:00,75614.93,75685.23,75568.73,75630.08
2026-05-12,05:54:00,75636.21,75636.21,75545.64,75546.81
2026-05-12,05:57:00,75538.16,75538.16,75387.77,75387.86
2026-05-12,06:00:00,75390.1,75393.19,75333.4,75349.29
2026-05-12,06:03:00,75344.72,75357.46,75300.72,75303.69
2026-05-12,06:06:00,75299.6,75329.01,75279.63,75324.12
2026-05-12,06:09:00,75326.61,75377.25,75326.61,75373.29
2026-05-12,06:12:00,75369.68,75369.68,75307.29,75353.79
2026-05-12,06:15:00,75351.72,75403.84,75328.43,75353.3
2026-05-12,06:18:00,75348.17,75368.1,75335.43,75335.43
2026-05-12,06:21:00,75326.26,75361.94,75323.91,75332.6
2026-05-12,06:24:00,75327.42,75362.04,75326.06,75359.78
2026-05-12,06:27:00,75360.15,75398.53,75342.72,75346.02
2026-05-12,06:30:00,75342.7,75351.62,75301.85,75305.94
2026-05-12,06:33:00,75306,75319.9,75292.2,75297.23
2026-05-12,06:36:00,75305.3,75332.62,75262.31,75270.96
2026-05-12,06:39:00,75279.33,75345.46,75274.25,75330.8
2026-05-12,06:42:00,75330.42,75363.69,75312.51,75360.33
2026-05-12,06:45:00,75368.61,75394.36,75351.16,75393.27
2026-05-12,06:48:00,75390.54,75435.39,75370.39,75435.39
2026-05-12,06:51:00,75436.34,75460.25,75417.03,75460.12
2026-05-12,06:54:00,75459.79,75470.46,75336.64,75338.01
2026-05-12,06:57:00,75337.83,75346.56,75291.98,75308.41
2026-05-12,07:00:00,75300.55,75304.6,75230.13,75258.91
2026-05-12,07:03:00,75254.76,75271.67,75236.87,75259.17
2026-05-12,07:06:00,75254.35,75261.32,75231.82,75251.65
2026-05-12,07:09:00,75253.42,75275.42,75206.88,75207.86
2026-05-12,07:12:00,75214.16,75254.38,75214.16,75245.63
2026-05-12,07:15:00,75248.25,75314.73,75247.48,75288.66
2026-05-12,07:18:00,75290.49,75297.58,75206,75231.9
2026-05-12,07:21:00,75231.99,75235.63,75194.68,75218.77
2026-05-12,07:24:00,75208.44,75219.61,75200.35,75205.1
2026-05-12,07:27:00,75207.19,75243.1,75197.56,75229.52
2026-05-12,07:30:00,75222.44,75250.44,75216.64,75239.21
2026-05-12,07:33:00,75234.31,75234.31,75157.12,75163.45
2026-05-12,07:36:00,75161.69,75170.91,75143.13,75169.01
2026-05-12,07:39:00,75167.33,75176.06,75128.73,75158.75
2026-05-12,07:42:00,75163.58,75172.19,75155.3,75156.67
2026-05-12,07:45:00,75165.32,75178.18,75157.66,75161.4
2026-05-12,07:48:00,75163.22,75187.3,75163.22,75187.3
2026-05-12,07:51:00,75233.83,75243.7,75224.43,75243.7
2026-05-12,07:54:00,75243.89,75254.81,75191.57,75213.6
2026-05-12,07:57:00,75211.9,75228.79,75187.95,75208.66
2026-05-12,08:00:00,75201.42,75223.44,75175.41,75182.11
2026-05-12,08:03:00,75177.18,75177.18,75149.86,75157.26
2026-05-12,08:06:00,75151.54,75212.69,75150.6,75182.22
2026-05-12,08:09:00,75182.31,75202.34,75161.84,75179.2
2026-05-12,08:12:00,75183.05,75249.03,75180.4,75230.14
2026-05-12,08:15:00,75231.41,75240.44,75220.71,75228.73
2026-05-12,08:18:00,75231.81,75231.96,75201.14,75210.42
2026-05-12,08:21:00,75198.19,75212.98,75180.33,75183.94
2026-05-12,08:24:00,75183.93,75225.63,75183.36,75218.51
2026-05-12,08:27:00,75218.25,75253.96,75213.25,75245.63
2026-05-12,08:30:00,75250.14,75253.13,75219.6,75219.6
2026-05-12,08:33:00,75215.62,75226.3,75184.06,75188.56
2026-05-12,08:36:00,75191.04,75191.04,75157.61,75178.12
2026-05-12,08:39:00,75171.52,75182.2,75110.39,75116.07
2026-05-12,08:42:00,75116.54,75116.54,75073.51,75102.51
2026-05-12,08:45:00,75105.38,75107.49,75074.53,75093.28
2026-05-12,08:48:00,75086.19,75153.23,75072.14,75131.55
2026-05-12,08:51:00,75131.76,75134.13,75111.73,75118.01
2026-05-12,08:54:00,75119.3,75141.69,75099.69,75102.75
2026-05-12,08:57:00,75098.58,75113.96,75086.35,75086.35
2026-05-12,09:00:00,75085.61,75102.1,75085.47,75093.74
2026-05-12,09:03:00,75096.47,75096.47,74987.72,75007.09
2026-05-12,09:06:00,75007.02,75008.6,74964.36,74964.36
2026-05-12,09:09:00,74963.39,75001.69,74945.95,75001.69
2026-05-12,09:12:00,75002.49,75002.49,74960.07,74983.71
2026-05-12,09:15:00,74988.9,75008.96,74974.32,74994.59
2026-05-12,09:18:00,74992.67,75033.92,74976.53,74976.83
2026-05-12,09:21:00,74972.1,74999.2,74960.24,74986.86
2026-05-12,09:24:00,74987.3,75021.98,74979.47,74998
2026-05-12,09:27:00,74997.35,75006.85,74960.67,74970.77
2026-05-12,09:30:00,74977.71,74996.38,74965.34,74983.01
2026-05-12,09:33:00,74985.52,75008.09,74977.13,75004.82
2026-05-12,09:36:00,75003.92,75030.39,75003.83,75027.5
2026-05-12,09:39:00,75022.91,75024.69,74990.3,74990.3
2026-05-12,09:42:00,74991.66,74991.66,74963.06,74968.66
2026-05-12,09:45:00,74955.95,75040.75,74949.11,75040.75
2026-05-12,09:48:00,75041.32,75097.95,75038.39,75097.95
2026-05-12,09:51:00,75097.8,75135.1,75049.97,75061.09
2026-05-12,09:54:00,75061.05,75064.77,75019.46,75021.55
2026-05-12,09:57:00,75023.73,75026.02,74998.38,75023.1
2026-05-12,10:00:00,75015.75,75034.93,74996.84,74996.84
2026-05-12,10:03:00,75011.41,75053.82,75009.58,75053.82
2026-05-12,10:06:00,75056.42,75068.86,74997.75,75018.26
2026-05-12,10:09:00,75014.02,75015.16,74961.2,74967.99
2026-05-12,10:12:00,74964.31,74978.96,74934.56,74948.31
2026-05-12,10:15:00,74947.13,74947.13,74917.2,74938.29
2026-05-12,10:18:00,74945.33,74951.47,74896.49,74922.23
2026-05-12,10:21:00,74929.87,74976.34,74929.87,74976.34
2026-05-12,10:24:00,74977.44,75023.05,74940.9,74942.25
2026-05-12,10:27:00,74949.15,74951.98,74898.29,74905.35
2026-05-12,10:30:00,74911.6,74913.31,74888.2,74893.64
2026-05-12,10:33:00,74893.18,74895.17,74850.68,74884.6
2026-05-12,10:36:00,74886.46,74903.24,74855.04,74862.02
2026-05-12,10:39:00,74862.26,74877.98,74813.77,74814
2026-05-12,10:42:00,74819,74819,74775.42,74786.28
2026-05-12,10:45:00,74788.28,74792.65,74759.76,74788.93
2026-05-12,10:48:00,74786.35,74838.72,74775.78,74829.91
2026-05-12,10:51:00,74828.95,74834.49,74792.29,74808.33
2026-05-12,10:54:00,74809.24,74830.44,74777.2,74827.46
2026-05-12,10:57:00,74824.27,74896.92,74802.7,74810.11
2026-05-12,11:00:00,74819.28,74834.82,74806.19,74822.74
2026-05-12,11:03:00,74826.63,74829.21,74800.09,74800.09
2026-05-12,11:06:00,74799.77,74799.77,74730.12,74773.96
2026-05-12,11:09:00,74774.76,74816.81,74767.53,74815.49
2026-05-12,11:12:00,74820.64,74832.59,74789.03,74820.93
2026-05-12,11:15:00,74822.6,74828.32,74800.4,74816.8
2026-05-12,11:18:00,74815.46,74823.01,74793.36,74804.62
2026-05-12,11:21:00,74804.99,74845.73,74796.24,74796.24
2026-05-12,11:24:00,74797.16,74803.77,74730.11,74730.11
2026-05-12,11:27:00,74731.13,74731.13,74665.84,74691.74
2026-05-12,11:30:00,74692.16,74699.34,74650.99,74676.1
2026-05-12,11:33:00,74670.6,74676.39,74516.99,74516.99
2026-05-12,11:36:00,74516.85,74589.26,74506.79,74566.98
2026-05-12,11:39:00,74579.85,74587.75,74476.51,74488.7
2026-05-12,11:42:00,74487.99,74532.78,74476.73,74498.89
2026-05-12,11:45:00,74488.46,74491.91,74454.38,74467.14
2026-05-12,11:48:00,74527.06,74527.06,74524.54,74525.3
2026-05-14,05:42:00,74947.12,74947.12,74947.12,74947.12
2026-05-14,05:48:00,75039.08,75039.08,74864.59,75014.94
2026-05-14,05:51:00,75021.93,75054.09,74954.26,74971.21
2026-05-14,05:54:00,74981.91,75071.29,74961.97,75012.29
2026-05-14,05:57:00,75016.61,75071.22,74984.24,75043.53
2026-05-14,06:00:00,75041.81,75079.07,75024.28,75051.73
2026-05-14,06:03:00,75057.42,75075.71,75022.69,75049.74
2026-05-14,06:06:00,75048.06,75059.28,74986.69,75000.86
2026-05-14,06:09:00,74999.84,75009.85,74912.47,74918.72
2026-05-14,06:12:00,74917.59,74917.59,74823.84,74829.61
2026-05-14,06:15:00,74829,74829,74771.19,74783.58
2026-05-14,06:18:00,74780.15,74897.02,74776.61,74841.74
2026-05-14,06:21:00,74843.24,74846.17,74754.31,74760.51
2026-05-14,06:24:00,74759.32,74821.63,74735.34,74735.34
2026-05-14,06:27:00,74735.47,74751.86,74690.56,74699.73
2026-05-14,06:30:00,74681.49,74708.6,74652.57,74692.58
2026-05-14,06:33:00,74700.52,74780.11,74680.31,74780.11
2026-05-14,06:36:00,74778.91,74795.31,74756.32,74763.96
2026-05-14,06:39:00,74760.33,74761.8,74686.33,74686.33
2026-05-14,06:42:00,74685.02,74756.3,74679.76,74740.2
2026-05-14,06:45:00,74759.71,74783.63,74748.65,74779.79
2026-05-14,06:48:00,74782.93,74802.7,74745.17,74800.34
2026-05-14,06:51:00,74799.68,74843.49,74765.85,74777.16
2026-05-14,06:54:00,74769.03,74769.03,74697.78,74727.65
2026-05-14,06:57:00,74729.67,74795.97,74729.67,74795.97
2026-05-14,07:00:00,74796.91,74837.41,74781.98,74816.38
2026-05-14,07:03:00,74803.04,74823.24,74802.92,74816.65
2026-05-14,07:06:00,74812.85,74892.84,74791.23,74884.15
2026-05-14,07:09:00,74887.74,74925.36,74861.63,74874.37
2026-05-14,07:12:00,74879.34,74902.02,74849.1,74851.96
2026-05-14,07:15:00,74847.72,74874.21,74767.92,74779.35
2026-05-14,07:18:00,74760.03,74760.03,74645.08,74648.13
2026-05-14,07:21:00,74649.16,74649.16,74526.85,74611.51
2026-05-14,07:24:00,74608.4,74669.36,74608.4,74666.51
2026-05-14,07:27:00,74659.47,74686.58,74594.17,74601.32
2026-05-14,07:30:00,74605.44,74605.44,74533.53,74533.53
2026-05-14,07:33:00,74532.7,74569.42,74532.7,74555.49
2026-05-14,07:36:00,74556.08,74586.13,74546.69,74567.69
2026-05-14,07:39:00,74572.92,74589.84,74541.65,74552.77
2026-05-14,07:42:00,74544.09,74618.13,74543.75,74618.13
2026-05-14,07:45:00,74621.04,74632.42,74596.44,74626.99
2026-05-14,07:48:00,74629.67,74712,74629.67,74710.29
2026-05-14,07:51:00,74730.69,74798.75,74723.72,74798.75
2026-05-14,07:54:00,74796.15,74900.93,74796.15,74894.28
2026-05-14,07:57:00,74904.27,74952.36,74814.43,74827.92
2026-05-14,08:00:00,74830.98,75059.76,74830.98,75006.72
2026-05-14,08:03:00,75013.24,75094.91,75013.24,75094.91
2026-05-14,08:06:00,75090.2,75194.51,75086.73,75182.57
2026-05-14,08:09:00,75201.92,75211.11,75132.08,75168.82
2026-05-14,08:12:00,75178.82,75307.68,75178.82,75307.11
2026-05-14,08:15:00,75311.39,75388.23,75295.76,75388.23
2026-05-14,08:18:00,75396.63,75427.23,75295.88,75363.56
2026-05-14,08:21:00,75364.33,75418.25,75355.78,75402.48
2026-05-14,08:24:00,75423.9,75484.74,75400.5,75412.56
2026-05-14,08:27:00,75406.93,75427.29,75370.04,75427.29
2026-05-14,08:30:00,75411.05,75431.17,75399.95,75415.63
2026-05-14,08:33:00,75411.03,75421.3,75319.51,75341.82
2026-05-14,08:36:00,75341.07,75358.84,75299.19,75317.57
2026-05-14,08:39:00,75324.19,75368.13,75295.8,75368.13
2026-05-14,08:42:00,75357.92,75364.05,75253.76,75333.24
2026-05-14,08:45:00,75313.56,75365.97,75275.83,75365.97
2026-05-14,08:48:00,75375.05,75480.66,75373.93,75480.66
2026-05-14,08:51:00,75491.32,75494.84,75404.78,75438.77
2026-05-14,08:54:00,75434.7,75444.8,75398.62,75439.21
2026-05-14,08:57:00,75438.9,75458.71,75427.69,75448.67
2026-05-14,09:00:00,75449.79,75491.28,75445.66,75469.98
2026-05-14,09:03:00,75452.45,75468.89,75401.7,75433.68
2026-05-14,09:06:00,75436.73,75441.6,75397.61,75398.86
2026-05-14,09:09:00,75413.64,75429.78,75380.2,75395.1
2026-05-14,09:12:00,75381.61,75404.04,75362.98,75364.06
2026-05-14,09:15:00,75366.43,75459.24,75363.95,75457.7
2026-05-14,09:18:00,75464.92,75480.77,75414.5,75456.7
2026-05-14,09:21:00,75457.29,75486.62,75437.4,75437.4
2026-05-14,09:24:00,75443.94,75458.49,75365.18,75378.95
2026-05-14,09:27:00,75380.73,75415.94,75379.44,75380.45
2026-05-14,09:30:00,75377.49,75436.54,75377.49,75409.17
2026-05-14,09:33:00,75410.52,75491.33,75410.52,75491.33
2026-05-14,09:36:00,75497,75596.34,75492.91,75591.69
2026-05-14,09:39:00,75584.05,75588.43,75525.86,75526.94
2026-05-14,09:42:00,75521.68,75535.15,75437.91,75437.91
2026-05-14,09:45:00,75443.51,75516.83,75439.79,75505.81
2026-05-14,09:48:00,75505.3,75561.64,75489.78,75555.23
2026-05-14,09:51:00,75536.49,75536.49,75479.13,75507.14
2026-05-14,09:54:00,75509.87,75542.27,75501.08,75530.48
2026-05-14,09:57:00,75517.22,75547.75,75502.13,75546.54
2026-05-14,10:00:00,75541.96,75550.96,75504.66,75511.46
2026-05-14,10:03:00,75508.88,75560.44,75486.66,75555.31
2026-05-14,10:06:00,75558.54,75594.88,75552.57,75591.08
2026-05-14,10:09:00,75593.49,75651.4,75593.36,75645.61
2026-05-14,10:12:00,75637.83,75640.28,75578.86,75600.59
2026-05-14,10:15:00,75598.74,75616.03,75579.57,75607.28
2026-05-14,10:18:00,75618.76,75637.39,75577.26,75580.71
2026-05-14,10:21:00,75584.2,75586.68,75529.76,75571.86
2026-05-14,10:24:00,75581.95,75601.93,75501.12,75519.68
2026-05-14,10:27:00,75522.71,75616.86,75522.71,75600.93
2026-05-14,10:30:00,75594.45,75625.3,75591.57,75607.81
2026-05-14,10:33:00,75607.66,75626.31,75569.04,75589.25
2026-05-14,10:36:00,75588.94,75622.05,75573.4,75620.48
2026-05-14,10:39:00,75621.61,75670.05,75569.85,75627.84
2026-05-14,10:42:00,75632.43,75646.28,75576.75,75637.71
2026-05-14,10:45:00,75618.63,75618.63,75569.36,75579.34
2026-05-14,10:48:00,75582.04,75614.97,75581.37,75594.56
2026-05-14,10:51:00,75597.61,75609.92,75501.4,75548.63
2026-05-14,10:54:00,75555.24,75580.27,75543.12,75575.97
2026-05-14,10:57:00,75573.11,75604.21,75566.74,75596.12
2026-05-14,11:00:00,75601.81,75616.21,75587.16,75615.94
2026-05-14,11:03:00,75618.99,75640.21,75574.57,75611.63
2026-05-14,11:06:00,75620.7,75666.91,75605.11,75625.69
2026-05-14,11:09:00,75622.72,75622.72,75514.67,75580.85
2026-05-14,11:12:00,75582.1,75582.1,75514.42,75530.3
2026-05-14,11:15:00,75530.75,75546.34,75514.43,75518.47
2026-05-14,11:18:00,75520.87,75522.36,75394.58,75461.18
2026-05-14,11:21:00,75458.5,75499.57,75415.68,75473.92
2026-05-14,11:24:00,75420.27,75501.13,75402.58,75481.77
2026-05-14,11:27:00,75478.1,75478.64,75438.45,75442.8
2026-05-14,11:30:00,75445.69,75506.52,75403.59,75460.05
2026-05-14,11:33:00,75460.93,75496.74,75380.96,75445.48
2026-05-14,11:36:00,75440.16,75484.3,75375.17,75406.48
2026-05-14,11:39:00,75410.39,75411.62,75325.13,75406.31
2026-05-14,11:42:00,75405.21,75413.48,75331.15,75390.81
2026-05-14,11:45:00,75386.92,75401.54,75340.43,75401.54
2026-05-14,11:48:00,75405.13,75405.8,75396.16,75396.36
2026-05-14,11:51:00,75396.24,75396.24,75396.24,75396.24
2026-05-15,05:42:00,75497.1,75497.1,75497.1,75497.1
2026-05-15,05:48:00,75506.2,75595.96,75258.41,75466.54
2026-05-15,05:51:00,75470.68,75550.05,75453.35,75453.35
2026-05-15,05:54:00,75463.23,75576.74,75435.31,75555.8
2026-05-15,05:57:00,75569.36,75663.24,75569.36,75639.33
2026-05-15,06:00:00,75633.22,75737.13,75633.22,75707.82
2026-05-15,06:03:00,75716.15,75717.35,75607.04,75684.5
2026-05-15,06:06:00,75683.65,75714.21,75593.94,75621.8
2026-05-15,06:09:00,75623.4,75639.02,75567.23,75635.09
2026-05-15,06:12:00,75637.55,75697.74,75621.36,75696.07
2026-05-15,06:15:00,75697.7,75755.78,75697.7,75750.91
2026-05-15,06:18:00,75750.8,75790.29,75719.93,75781.55
2026-05-15,06:21:00,75783.47,75787.06,75720.72,75757.56
2026-05-15,06:24:00,75758.84,75778.83,75754.82,75764.43
2026-05-15,06:27:00,75761.58,75866.26,75761.58,75852.17
2026-05-15,06:30:00,75852.57,75861.66,75807.13,75807.13
2026-05-15,06:33:00,75805.61,75806.38,75716.84,75751.81
2026-05-15,06:36:00,75751.24,75801.53,75738.61,75763.71
2026-05-15,06:39:00,75764.68,75774.36,75714.02,75717.66
2026-05-15,06:42:00,75719.03,75727.71,75697.73,75698.99
2026-05-15,06:45:00,75703.23,75746.08,75691.59,75739.84
2026-05-15,06:48:00,75737.68,75771.77,75711.97,75713.39
2026-05-15,06:51:00,75714.61,75740.32,75687.64,75698.67
2026-05-15,06:54:00,75700.34,75772.2,75700.34,75748.36
2026-05-15,06:57:00,75744.42,75819.13,75744.42,75805.15
2026-05-15,07:00:00,75806.64,75820.96,75798.96,75806.49
2026-05-15,07:03:00,75805.65,75814.3,75752.3,75760.44
2026-05-15,07:06:00,75755.43,75765.61,75731.23,75754.15
2026-05-15,07:09:00,75756.08,75791.18,75744.33,75747.1
2026-05-15,07:12:00,75733.85,75770.74,75724.52,75770.74
2026-05-15,07:15:00,75770.56,75785.2,75762.28,75762.28
2026-05-15,07:18:00,75777.66,75823.27,75777.66,75807.26
2026-05-15,07:21:00,75800.7,75823.18,75798.83,75814.02
2026-05-15,07:24:00,75815.15,75841.05,75798.17,75808.43
2026-05-15,07:27:00,75804.65,75827.57,75787.52,75796.91
2026-05-15,07:30:00,75801.92,75815.94,75797.22,75810.01
2026-05-15,07:33:00,75807.59,75807.59,75715.62,75719.53
2026-05-15,07:36:00,75718.65,75718.65,75618.1,75618.1
2026-05-15,07:39:00,75612.48,75612.48,75541.67,75541.99
2026-05-15,07:42:00,75548.61,75578.14,75514.43,75578.14
2026-05-15,07:45:00,75578.87,75578.87,75548.68,75554.68
2026-05-15,07:48:00,75537.83,75551.22,75471.12,75472.47
2026-05-15,07:51:00,75473.72,75564.92,75473.64,75536.67
2026-05-15,07:54:00,75545.38,75551.53,75503.67,75520.69
2026-05-15,07:57:00,75520.34,75520.65,75487.88,75496.81
2026-05-15,08:00:00,75498.04,75498.04,75448.7,75455.07
2026-05-15,08:03:00,75452.22,75452.22,75357.35,75416.82
2026-05-15,08:06:00,75416.34,75488.24,75413.36,75488.24
2026-05-15,08:09:00,75447.45,75499.67,75441.66,75498.62
2026-05-15,08:12:00,75508.99,75528.24,75482.89,75482.89
2026-05-15,08:15:00,75485.21,75493.14,75457.85,75493.14
2026-05-15,08:18:00,75488.65,75506.44,75477.22,75498.71
2026-05-15,08:21:00,75499.1,75517.58,75485.07,75486.64
2026-05-15,08:24:00,75484.11,75524.71,75482.36,75519.99
2026-05-15,08:27:00,75521.55,75527.25,75466.59,75472.19
2026-05-15,08:30:00,75469.33,75496.49,75467.5,75488.13
2026-05-15,08:33:00,75489.89,75562.47,75480.73,75562.47
2026-05-15,08:36:00,75561.55,75607.38,75559.08,75600.31
2026-05-15,08:39:00,75599.59,75645.34,75599.59,75613.66
2026-05-15,08:42:00,75615.82,75616.44,75587.31,75608.75
2026-05-15,08:45:00,75608.03,75620.69,75575.83,75579.27
2026-05-15,08:48:00,75576.63,75583.13,75560.8,75569.08
2026-05-15,08:51:00,75568.12,75568.12,75512.27,75528.03
2026-05-15,08:54:00,75522.05,75526.78,75489.2,75508.6
2026-05-15,08:57:00,75508.31,75534.87,75494.39,75534.87
2026-05-15,09:00:00,75538.51,75542.44,75480.36,75481.95
2026-05-15,09:03:00,75487.45,75493.69,75474.8,75488.88
2026-05-15,09:06:00,75489.89,75540.49,75489.89,75538.99
2026-05-15,09:09:00,75544.03,75558.67,75539.07,75546.87
2026-05-15,09:12:00,75552.92,75603.65,75549.89,75603.54
2026-05-15,09:15:00,75602.56,75631.82,75584.11,75631.17
2026-05-15,09:18:00,75641.48,75663.66,75632.99,75657.84
2026-05-15,09:21:00,75656.98,75722.11,75656.98,75718.91
2026-05-15,09:24:00,75722.12,75739.39,75694.57,75695.79
2026-05-15,09:27:00,75702.08,75705.31,75681.84,75687.41
2026-05-15,09:30:00,75685.43,75688.29,75668.96,75681.83
2026-05-15,09:33:00,75691.84,75695.61,75673.58,75677.34
2026-05-15,09:36:00,75672.82,75685.56,75656.46,75669.2
2026-05-15,09:39:00,75669.83,75688.21,75645.84,75661.02
2026-05-15,09:42:00,75669.44,75691.28,75653.77,75675.66
2026-05-15,09:45:00,75674.93,75693.33,75666.12,75681.3
2026-05-15,09:48:00,75683.84,75683.84,75667.32,75669.02
2026-05-15,09:51:00,75668.06,75718.47,75667.22,75694.46
2026-05-15,09:54:00,75695.45,75705.26,75678,75704.42
2026-05-15,09:57:00,75705.67,75708.08,75659.38,75659.38
2026-05-15,10:00:00,75660.61,75710.5,75659.45,75685.13
2026-05-15,10:03:00,75681.4,75685.71,75651.46,75652.89
2026-05-15,10:06:00,75652.83,75656.94,75623.25,75642.15
2026-05-15,10:09:00,75648.57,75657.47,75577.45,75579.56
2026-05-15,10:12:00,75577.35,75577.39,75535.27,75560.33
2026-05-15,10:15:00,75560.37,75563.98,75538.12,75559.94
2026-05-15,10:18:00,75560.57,75599.23,75507.95,75507.95
2026-05-15,10:21:00,75502.01,75502.01,75457.97,75457.97
2026-05-15,10:24:00,75440.15,75527.42,75433.07,75527.42
2026-05-15,10:27:00,75530.64,75535.18,75497.44,75499.57
2026-05-15,10:30:00,75492.7,75492.7,75452.39,75484.27
2026-05-15,10:33:00,75483.36,75483.36,75465.33,75479.07
2026-05-15,10:36:00,75478.8,75478.8,75418.53,75436.83
2026-05-15,10:39:00,75433.54,75461.59,75427.59,75459.53
2026-05-15,10:42:00,75450.3,75497.71,75450.3,75490.04
2026-05-15,10:45:00,75487.07,75503.23,75454.34,75503.23
2026-05-15,10:48:00,75503.28,75513.49,75450.54,75465.59
2026-05-15,10:51:00,75467.37,75494.25,75467.37,75479.34
2026-05-15,10:54:00,75480.53,75480.87,75441.53,75447.06
2026-05-15,10:57:00,75447.59,75461.45,75406.72,75406.72
2026-05-15,11:00:00,75400.07,75406.32,75384.14,75403.42
2026-05-15,11:03:00,75408.23,75418.32,75376.07,75376.07
2026-05-15,11:06:00,75368.16,75412.82,75350.5,75394.76
2026-05-15,11:09:00,75398.72,75419.93,75392.3,75401.8
2026-05-15,11:12:00,75400.44,75429.41,75380.47,75429.41
2026-05-15,11:15:00,75425.85,75425.85,75411.31,75415.82
2026-05-15,11:18:00,75395.92,75395.92,75298.07,75316.06
2026-05-15,11:21:00,75314.96,75314.96,75163.69,75197.54
2026-05-15,11:24:00,75196.86,75214.49,75168.45,75172.34
2026-05-15,11:27:00,75173.02,75173.35,75146.78,75162.01
2026-05-15,11:30:00,75160.99,75278.67,75153.56,75262.35
2026-05-15,11:33:00,75262.8,75299.55,75228.98,75299.55
2026-05-15,11:36:00,75298.29,75342.77,75298.29,75329.69
2026-05-15,11:39:00,75330.34,75332.15,75250.59,75255.69
2026-05-15,11:42:00,75249.72,75270.25,75239.11,75242.2
2026-05-15,11:45:00,75245.14,75255.12,75227.87,75231.5
2026-05-15,11:48:00,75259.85,75259.85,75233.03,75233.03
2026-05-15,11:51:00,75229.99,75229.99,75228.69,75228.69
2026-05-18,05:42:00,74807.97,74807.97,74807.97,74807.97
2026-05-18,05:48:00,74528.73,74568.8,74347.68,74395.63
2026-05-18,05:51:00,74383.49,74468.67,74370.9,74433.3
2026-05-18,05:54:00,74439.01,74477.13,74404.79,74476.03
2026-05-18,05:57:00,74471.99,74473.35,74404.1,74430.19
2026-05-18,06:00:00,74436,74451.23,74346.68,74377.67
2026-05-18,06:03:00,74381.69,74400.53,74330.31,74378.47
2026-05-18,06:06:00,74379.98,74436.93,74378.85,74397.3
2026-05-18,06:09:00,74380.2,74399.16,74298.38,74304.37
2026-05-18,06:12:00,74298.89,74330.92,74285.38,74299.92
2026-05-18,06:15:00,74304.04,74382.44,74293.55,74365.1
2026-05-18,06:18:00,74342.67,74362.61,74303.57,74314.81
2026-05-18,06:21:00,74314.6,74314.6,74223.33,74229.43
2026-05-18,06:24:00,74223.43,74252.99,74199.98,74202.41
2026-05-18,06:27:00,74204.85,74234.26,74189.11,74218.64
2026-05-18,06:30:00,74221.74,74269.77,74189.58,74269.77
2026-05-18,06:33:00,74265.7,74335.83,74265.7,74335.83
2026-05-18,06:36:00,74332.65,74355.48,74330.54,74343.09
2026-05-18,06:39:00,74335.78,74342.18,74269.45,74273.52
2026-05-18,06:42:00,74288.6,74330.02,74288.52,74319.33
2026-05-18,06:45:00,74320.75,74338.97,74298.29,74335.29
2026-05-18,06:48:00,74324.13,74406.53,74302.62,74403.29
2026-05-18,06:51:00,74402.66,74430.28,74399.88,74411.01
2026-05-18,06:54:00,74410.32,74421.74,74380.04,74401.81
2026-05-18,06:57:00,74407.8,74418.48,74396.9,74413.38
2026-05-18,07:00:00,74409.57,74417.05,74392.04,74413.64
2026-05-18,07:03:00,74410.99,74413.22,74332.04,74340.15
2026-05-18,07:06:00,74342.3,74537.72,74331.2,74522.7
2026-05-18,07:09:00,74522.89,74592.75,74520,74586.47
2026-05-18,07:12:00,74580.96,74582.32,74549.4,74564.54
2026-05-18,07:15:00,74565.11,74565.11,74493.19,74534.01
2026-05-18,07:18:00,74530.88,74537.41,74471.38,74471.38
2026-05-18,07:21:00,74463.99,74538.04,74440.58,74538.04
2026-05-18,07:24:00,74539.39,74605.26,74536.89,74590.04
2026-05-18,07:27:00,74589.15,74660.81,74589.15,74656.97
2026-05-18,07:30:00,74660.05,74684.13,74642.23,74678.5
2026-05-18,07:33:00,74683.69,74693.6,74651.89,74667.37
2026-05-18,07:36:00,74663.47,74682.05,74648.93,74682.05
2026-05-18,07:39:00,74684.96,74718.76,74664.91,74686.69
2026-05-18,07:42:00,74687.68,74720.63,74687.68,74692.77
2026-05-18,07:45:00,74688.33,74701.32,74658.63,74691.57
2026-05-18,07:48:00,74689.95,74762.67,74680.67,74754.7
2026-05-18,07:51:00,74750.99,74767,74729.79,74752.72
2026-05-18,07:54:00,74752.9,74807.19,74727.21,74788.51
2026-05-18,07:57:00,74784.73,74851.19,74782.21,74803.47
2026-05-18,08:00:00,74794.19,74816.05,74782.04,74787.84
2026-05-18,08:03:00,74786.44,74900.71,74786.44,74895.34
2026-05-18,08:06:00,74896.82,74917.49,74885.14,74910.79
2026-05-18,08:09:00,74912.97,74978.73,74904.05,74978.73
2026-05-18,08:12:00,74984.76,75023.13,74927.38,74930.86
2026-05-18,08:15:00,74926.91,74948.43,74907.92,74922.4
2026-05-18,08:18:00,74920.27,74933.97,74872.59,74873.71
2026-05-18,08:21:00,74872.25,74872.25,74827.67,74838.89
2026-05-18,08:24:00,74842.62,74848.85,74827.38,74838.63
2026-05-18,08:27:00,74836.1,74845.04,74798.86,74809.61
2026-05-18,08:30:00,74808.94,74816.13,74742.81,74742.81
2026-05-18,08:33:00,74739.21,74753.14,74723.23,74746.03
2026-05-18,08:36:00,74749.12,74769.97,74733.6,74766.3
2026-05-18,08:39:00,74763.03,74782.64,74741.48,74780.82
2026-05-18,08:42:00,74784.05,74859.09,74782.55,74857.45
2026-05-18,08:45:00,74855.43,74888.89,74846.45,74888.89
2026-05-18,08:48:00,74897.69,74934.47,74895.69,74895.69
2026-05-18,08:51:00,74891.94,74912.12,74880.04,74884.73
2026-05-18,08:54:00,74887.03,74915.48,74885.11,74891.98
2026-05-18,08:57:00,74891.36,74996.19,74889.92,74996.19
2026-05-18,09:00:00,74995.15,75011.88,74978.24,74999.44
2026-05-18,09:03:00,75004.66,75079.41,75004.66,75072.78
2026-05-18,09:06:00,75113.78,75166.07,75113.37,75166.07
2026-05-18,09:09:00,75169.74,75182.12,75156.22,75173.32
2026-05-18,09:12:00,75180.95,75184.3,75141.83,75152.98
2026-05-18,09:15:00,75148.53,75148.53,75088.42,75098.75
2026-05-18,09:18:00,75100.44,75105.41,75073.62,75089.96
2026-05-18,09:21:00,75095.32,75106.9,75095.32,75102.04
2026-05-18,09:24:00,75099.87,75130.8,75096.59,75130.14
2026-05-18,09:27:00,75128.39,75256.81,75121.98,75235.04
2026-05-18,09:30:00,75232.76,75272.25,75220.17,75255.11
2026-05-18,09:33:00,75292,75299.15,75284.77,75297.68
2026-05-18,09:36:00,75302.43,75346.14,75262.73,75263.01
2026-05-18,09:39:00,75258.94,75258.94,75180.3,75187.74
2026-05-18,09:42:00,75187.95,75199.9,75181.69,75190.41
2026-05-18,09:45:00,75187.34,75208.33,75167.94,75208.33
2026-05-18,09:48:00,75232.06,75247.29,75219.82,75232.6
2026-05-18,09:51:00,75233.29,75261.86,75227.91,75235.41
2026-05-18,09:54:00,75193.87,75194.13,75168.11,75178.37
2026-05-18,09:57:00,75187.4,75265.48,75187.4,75265.48
2026-05-18,10:00:00,75266.59,75266.59,75224.3,75224.3
2026-05-18,10:03:00,75257.38,75268.54,75234.07,75250.77
2026-05-18,10:06:00,75252.39,75259.05,75214.35,75247.93
2026-05-18,10:09:00,75244.89,75254.72,75197.89,75198.6
2026-05-18,10:12:00,75198.38,75207.98,75168.15,75184.09
2026-05-18,10:15:00,75182.69,75249.8,75182.69,75230.13
2026-05-18,10:18:00,75232.53,75237.65,75186.87,75196.34
2026-05-18,10:24:00,75246.52,75302.29,75246.52,75296.62
2026-05-18,10:27:00,75296.76,75327.7,75283.65,75327.7
2026-05-18,10:30:00,75326.22,75336.28,75277.05,75284.95
2026-05-18,10:33:00,75285.59,75286.29,75241.65,75267.23
2026-05-18,10:36:00,75269.4,75312.23,75269.4,75300.72
2026-05-18,10:39:00,75206.38,75223.43,75204.64,75204.64
2026-05-18,10:42:00,75204.23,75206.75,75168.76,75196.76
2026-05-18,10:45:00,75194.95,75263.35,75194.95,75247.98
2026-05-18,10:48:00,75165.63,75205,75163.77,75180.37
2026-05-18,10:51:00,75180.76,75205.64,75167.51,75205.64
2026-05-18,10:54:00,75207.13,75209.07,75174.01,75180.25
2026-05-18,10:57:00,75180.25,75184.54,75109.68,75169.87
2026-05-18,11:00:00,75186.51,75213.43,75182.3,75203.56
2026-05-18,11:03:00,75197.63,75224.1,75163.86,75205.5
2026-05-18,11:06:00,75204.69,75207.9,75114.94,75119.63
2026-05-18,11:09:00,75120.58,75166.29,75120.58,75123.41
2026-05-18,11:12:00,75130.27,75140.14,75094.16,75129.14
2026-05-18,11:15:00,75131.48,75176.89,75131.48,75160.2
2026-05-18,11:18:00,75163.41,75179.14,75145.42,75150.56
2026-05-18,11:21:00,75154.03,75156.38,75108.86,75126.05
2026-05-18,11:24:00,75119.36,75128.1,75104.26,75118.28
2026-05-18,11:27:00,75115.13,75138.39,75106.93,75129
2026-05-18,11:30:00,75130.44,75158.43,75114.51,75138.71
2026-05-18,11:33:00,75141.26,75466,75141.26,75435.38
2026-05-18,11:36:00,75418.61,75433.58,75376.11,75387.01
2026-05-18,11:39:00,75379.86,75381.95,75301.99,75301.99
2026-05-18,11:42:00,75293.5,75321.3,75259.48,75301.69
2026-05-18,11:45:00,75308.23,75311.58,75253.78,75270.8
2026-05-18,11:48:00,75339.9,75339.9,75337.87,75337.87
2026-05-19,05:42:00,75441.27,75441.27,75441.27,75441.27
2026-05-19,05:48:00,75501.8,75653.33,75501.8,75634.71
2026-05-19,05:51:00,75645.27,75683,75632.38,75672.42
2026-05-19,05:54:00,75663.58,75692.04,75601.47,75671.31
2026-05-19,05:57:00,75676.51,75710.58,75661.73,75671.98
2026-05-19,06:00:00,75676.33,75715.46,75668.03,75692.7
2026-05-19,06:03:00,75701.32,75741.84,75621.53,75623.49
2026-05-19,06:06:00,75616.41,75616.41,75418.18,75437.99
2026-05-19,06:09:00,75434.3,75529.49,75372.76,75492.58
2026-05-19,06:12:00,75492.51,75627.68,75492.51,75615.56
2026-05-19,06:15:00,75620.96,75700.31,75593.19,75686.44
2026-05-19,06:18:00,75682.83,75689.34,75593.37,75611.37
2026-05-19,06:21:00,75614.9,75615.71,75539.56,75566.51
2026-05-19,06:24:00,75575.3,75575.3,75473.7,75493.13
2026-05-19,06:27:00,75493.34,75507.51,75452.45,75461.66
2026-05-19,06:30:00,75461.13,75518.92,75446.05,75446.05
2026-05-19,06:33:00,75443.52,75572.07,75442.39,75566.15
2026-05-19,06:36:00,75562.88,75597.27,75510.13,75591.07
2026-05-19,06:39:00,75587.92,75604.94,75550.27,75596.01
2026-05-19,06:42:00,75589.15,75677.65,75584.24,75673.85
2026-05-19,06:45:00,75675.55,75704.37,75675.55,75684.13
2026-05-19,06:48:00,75684.5,75704.77,75657.41,75662.03
2026-05-19,06:51:00,75659.61,75659.61,75578.52,75612.48
2026-05-19,06:54:00,75617.55,75625.11,75599.82,75617.41
2026-05-19,06:57:00,75617.98,75668.21,75610.18,75668.21
2026-05-19,07:00:00,75668.65,75677.49,75648.12,75665.63
2026-05-19,07:03:00,75667.89,75685.32,75653.94,75653.94
2026-05-19,07:06:00,75650.06,75662.55,75619.6,75642.4
2026-05-19,07:09:00,75640.66,75664.12,75617.66,75655.9
2026-05-19,07:12:00,75655.83,75681.64,75654.22,75665.28
2026-05-19,07:15:00,75653.25,75701.88,75644.75,75697.05
2026-05-19,07:18:00,75697.35,75734.5,75689.55,75694.52
2026-05-19,07:21:00,75684.42,75695,75658.21,75695
2026-05-19,07:24:00,75694.43,75695.05,75638.28,75638.28
2026-05-19,07:27:00,75630.18,75694.68,75592.73,75694.68
2026-05-19,07:30:00,75697.46,75745.92,75697.46,75717.88
2026-05-19,07:33:00,75716.92,75732.57,75659.36,75659.36
2026-05-19,07:36:00,75656.23,75662.12,75620.88,75640.12
2026-05-19,07:39:00,75646.07,75651.95,75625.95,75628.5
2026-05-19,07:42:00,75634.94,75656.39,75623.53,75628.9
2026-05-19,07:45:00,75619.76,75654.45,75556.35,75558.18
2026-05-19,07:48:00,75554.75,75559.68,75486.78,75492.01
2026-05-19,07:51:00,75495.58,75524.5,75489.09,75504.72
2026-05-19,07:54:00,75510.53,75517.81,75485.62,75516.48
2026-05-19,07:57:00,75517.63,75547.71,75517.63,75530.61
2026-05-19,08:00:00,75517.05,75562.04,75504.34,75562.04
2026-05-19,08:03:00,75562.53,75567.76,75496.79,75496.79
2026-05-19,08:06:00,75501.64,75537.14,75501.64,75506.77
2026-05-19,08:09:00,75507.1,75536.3,75497.68,75534.13
2026-05-19,08:12:00,75534.38,75615.12,75534.38,75604.24
2026-05-19,08:15:00,75605.92,75652.93,75600.97,75636.97
2026-05-19,08:18:00,75637.17,75671.38,75635.23,75671.38
2026-05-19,08:21:00,75669.75,75684.69,75649.58,75663.63
2026-05-19,08:24:00,75662.01,75679.62,75651.25,75677.82
2026-05-19,08:27:00,75678.91,75692.51,75672.57,75689.56
2026-05-19,08:30:00,75693.13,75704.9,75657.35,75661.78
2026-05-19,08:33:00,75659.44,75663.65,75601.1,75622.83
2026-05-19,08:36:00,75630.57,75651.44,75622.97,75627.54
2026-05-19,08:39:00,75627.54,75643.37,75612.71,75624.9
2026-05-19,08:42:00,75631.71,75652.43,75618.3,75649.47
2026-05-19,08:45:00,75647.64,75647.64,75629.82,75629.82
2026-05-19,08:48:00,75629.82,75633.5,75599.68,75599.68
2026-05-19,08:51:00,75598.08,75652.25,75588.3,75651.5
2026-05-19,08:54:00,75661.02,75661.02,75604.83,75607.85
2026-05-19,08:57:00,75600.17,75605.99,75571.17,75594.6
2026-05-19,09:00:00,75593.78,75666.02,75591.06,75663.29
2026-05-19,09:03:00,75658,75661.49,75584.98,75590.4
2026-05-19,09:06:00,75587.16,75607.17,75583.96,75586.15
2026-05-19,09:09:00,75584.12,75609.62,75556.8,75597.71
2026-05-19,09:12:00,75595.58,75618.28,75595.58,75603.78
2026-05-19,09:15:00,75605.76,75615.66,75580.49,75601.66
2026-05-19,09:18:00,75603.69,75622.77,75602.96,75607.7
2026-05-19,09:21:00,75605.23,75605.23,75561.64,75577.05
2026-05-19,09:24:00,75573.45,75578.53,75559.56,75568
2026-05-19,09:27:00,75568,75592.09,75564.89,75576.28
2026-05-19,09:30:00,75576.81,75594.96,75569.84,75570.42
2026-05-19,09:33:00,75569.66,75601.75,75565.26,75594.24
2026-05-19,09:36:00,75587.72,75592.74,75531.84,75544.99
2026-05-19,09:39:00,75546.39,75552.79,75510.74,75552.79
2026-05-19,09:42:00,75552.79,75574.96,75515.14,75530.46
2026-05-19,09:45:00,75529.58,75542.76,75528.5,75528.88
2026-05-19,09:48:00,75527.18,75552.97,75504.51,75544.77
2026-05-19,09:51:00,75543.54,75603.68,75541.03,75573.38
2026-05-19,09:54:00,75570.24,75576.7,75559.19,75564.21
2026-05-19,09:57:00,75563.16,75589.2,75555.11,75586.36
2026-05-19,10:00:00,75586.06,75588.02,75563.7,75571.67
2026-05-19,10:03:00,75570.33,75623.58,75569.83,75587.68
2026-05-19,10:06:00,75584.77,75598.53,75563.34,75564.5
2026-05-19,10:09:00,75565.44,75565.44,75448.37,75468.19
2026-05-19,10:12:00,75467.64,75509.69,75467.64,75477.8
2026-05-19,10:15:00,75473.97,75502.26,75466.7,75467.15
2026-05-19,10:18:00,75467.38,75515.22,75466.91,75515.22
2026-05-19,10:21:00,75513.44,75524.79,75495.37,75495.71
2026-05-19,10:24:00,75496.36,75517.26,75474.23,75503
2026-05-19,10:27:00,75496.25,75496.25,75449.43,75449.58
2026-05-19,10:30:00,75458.32,75473.15,75411.28,75452.55
2026-05-19,10:33:00,75460.83,75507.01,75443.3,75485.13
2026-05-19,10:36:00,75482.39,75545.01,75476.92,75531.07
2026-05-19,10:39:00,75527.07,75539.65,75517.48,75518.14
2026-05-19,10:42:00,75513.8,75535.4,75496.36,75535.4
2026-05-19,10:45:00,75539.39,75570.08,75509.65,75539.78
2026-05-19,10:48:00,75542.74,75596.02,75541.17,75589.04
2026-05-19,10:51:00,75588.73,75589.17,75537.12,75554.05
2026-05-19,10:54:00,75554.25,75573.77,75498.55,75515.68
2026-05-19,10:57:00,75515.6,75548.75,75500.85,75548.72
2026-05-19,11:00:00,75547.39,75550.01,75499.77,75499.77
2026-05-19,11:03:00,75498.29,75501.01,75470.44,75481.61
2026-05-19,11:06:00,75479.47,75481.94,75428.35,75431.38
2026-05-19,11:09:00,75427.94,75441.88,75403.77,75430.9
2026-05-19,11:12:00,75424.29,75449.18,75411.93,75438.16
2026-05-19,11:15:00,75437.86,75438.15,75320.14,75320.14
2026-05-19,11:18:00,75322.44,75329.94,75264.1,75313.62
2026-05-19,11:21:00,75321.42,75363.16,75297.33,75337.29
2026-05-19,11:24:00,75335.77,75363.61,75302.59,75348.86
2026-05-19,11:27:00,75344.61,75363.58,75309.31,75330.22
2026-05-19,11:30:00,75324.05,75349.37,75315.71,75337.29
2026-05-19,11:33:00,75327,75337.95,75243.85,75261.86
2026-05-19,11:36:00,75261.9,75261.95,75219.5,75246.78
2026-05-19,11:39:00,75245.28,75279.17,75232.44,75247.43
2026-05-19,11:42:00,75248.37,75248.37,75170.25,75226.98
2026-05-19,11:45:00,75218.77,75234.07,75194.32,75227.93
2026-05-19,11:48:00,75223.49,75237.65,75223.49,75227.63
2026-05-19,11:51:00,75227.34,75227.34,75219.74,75221.03
2026-05-19,11:54:00,75219.11,75219.11,75211.65,75212.55
2026-05-19,11:57:00,75212.55,75214.19,75206.51,75206.51
2026-05-19,12:00:00,75206.5,75206.5,75200.85,75200.85
2026-05-20,05:42:00,74806.49,74806.49,74806.49,74806.49
2026-05-20,05:48:00,74714.86,74714.86,74531.12,74690.67
2026-05-20,05:51:00,74694.57,74724.35,74652.51,74666.1
2026-05-20,05:54:00,74641.85,74703.22,74641.85,74699.78
2026-05-20,05:57:00,74683.53,74746.67,74662.75,74678.06
2026-05-20,06:00:00,74681.32,74747.87,74668.09,74743.79
2026-05-20,06:03:00,74746.38,74864.49,74712.11,74864.49
2026-05-20,06:06:00,74859.62,74899.8,74827.15,74848.8
2026-05-20,06:09:00,74852.84,74887,74828.47,74886.68
2026-05-20,06:12:00,74882.79,74930.33,74813.53,74841.17
2026-05-20,06:15:00,74834.21,74892.71,74800.51,74892.71
2026-05-20,06:18:00,74891.21,74922.11,74854.27,74854.99
2026-05-20,06:21:00,74856.29,74887.87,74854.61,74875.49
2026-05-20,06:24:00,74878.83,74922.79,74873.95,74887.95
2026-05-20,06:27:00,74888.86,74891.49,74852.95,74865.24
2026-05-20,06:30:00,74866.96,74942.34,74866.96,74925.46
2026-05-20,06:33:00,74932.32,74937.83,74846.39,74846.39
2026-05-20,06:36:00,74844,74844,74757.79,74757.79
2026-05-20,06:39:00,74758.77,74778.21,74738.76,74763.07
2026-05-20,06:42:00,74760.51,74797.03,74757.36,74796.54
2026-05-20,06:45:00,74802.75,74850.29,74775.71,74797.99
2026-05-20,06:48:00,74799.39,74809.71,74771.71,74800.02
2026-05-20,06:51:00,74799.25,74844.95,74767.28,74772.61
2026-05-20,06:54:00,74773.79,74804.85,74731.42,74731.42
2026-05-20,06:57:00,74735.33,74756.59,74714.48,74753.94
2026-05-20,07:00:00,74755.73,74840.51,74749.32,74839.48
2026-05-20,07:03:00,74850,74992.17,74846.59,74974.04
2026-05-20,07:06:00,74970.11,74996.05,74943.6,74993.73
2026-05-20,07:09:00,75009.12,75028.24,74997.56,75020
2026-05-20,07:12:00,75018.52,75023.26,74956.82,74956.82
2026-05-20,07:15:00,74947.5,74947.5,74884.31,74884.31
2026-05-20,07:18:00,74885.4,74886.7,74822.35,74829.1
2026-05-20,07:21:00,74830.32,74830.32,74783.06,74815.05
2026-05-20,07:24:00,74818.18,74901.19,74818.18,74901.19
2026-05-20,07:27:00,74894.62,74926.37,74888.65,74926.37
2026-05-20,07:30:00,74918.35,74923.96,74891.64,74921.15
2026-05-20,07:33:00,74923.77,75012.59,74923.77,75003.3
2026-05-20,07:36:00,75003.59,75008.11,74980.81,74994.83
2026-05-20,07:39:00,74989.83,75036.33,74985.31,75027.71
2026-05-20,07:42:00,75032.02,75046.1,75022.91,75027.33
2026-05-20,07:45:00,75028.87,75034.19,74991.5,74993.18
2026-05-20,07:48:00,74985.98,75011.26,74975.16,75005.81
2026-05-20,07:51:00,75010.09,75014.37,74994.19,74995.88
2026-05-20,07:54:00,74994,75096.17,74992.99,75074.54
2026-05-20,07:57:00,75074.54,75079.36,75052.84,75076.21
2026-05-20,08:00:00,75073.04,75107.45,75069.63,75100.71
2026-05-20,08:03:00,75098.88,75129.68,75071.1,75086.18
2026-05-20,08:06:00,75083.49,75087.83,75071.49,75087.83
2026-05-20,08:09:00,75102.5,75145.2,75102.5,75143.08
2026-05-20,08:12:00,75141.28,75147.57,75108.1,75128.64
2026-05-20,08:15:00,75135.3,75137.73,75095.64,75124.59
2026-05-20,08:18:00,75128.39,75177.93,75127.31,75170.54
2026-05-20,08:21:00,75167.23,75241.76,75167.23,75241.76
2026-05-20,08:24:00,75225.95,75231.19,75171.54,75173.84
2026-05-20,08:27:00,75178.49,75209.55,75178.49,75183.98
2026-05-20,08:30:00,75185.62,75195.13,75152.2,75153.22
2026-05-20,08:33:00,75149.23,75160.09,75083.41,75087.82
2026-05-20,08:36:00,75086.78,75095.15,75068.22,75070.41
2026-05-20,08:39:00,75071.39,75071.39,75031.72,75058.03
2026-05-20,08:42:00,75057.22,75073.2,75041.35,75049.21
2026-05-20,08:45:00,75047.29,75057.23,75036.73,75041.06
2026-05-20,08:48:00,75043.05,75091.48,75043.05,75090.15
2026-05-20,08:51:00,75070.93,75070.93,75049.84,75067.9
2026-05-20,08:54:00,75061.71,75133.56,75061.71,75129.47
2026-05-20,08:57:00,75127.77,75127.77,75105.43,75117.71
2026-05-20,09:00:00,75103.79,75108.83,75056.93,75074.38
2026-05-20,09:03:00,75073.91,75103.04,75068.93,75098.55
2026-05-20,09:06:00,75088.23,75100.33,75074.84,75080.78
2026-05-20,09:09:00,75080.48,75108.26,75073.7,75103.27
2026-05-20,09:12:00,75101.48,75117.9,75092.09,75113.8
2026-05-20,09:15:00,75113.19,75136.72,75109.73,75136.72
2026-05-20,09:18:00,75130.6,75160.94,75130.6,75141.71
2026-05-20,09:21:00,75138.67,75142.12,75116.36,75138.5
2026-05-20,09:24:00,75138.78,75145.48,75118.33,75135.02
2026-05-20,09:27:00,75135.54,75155.74,75124.58,75150.91
2026-05-20,09:30:00,75150.43,75157.65,75128.2,75144.61
2026-05-20,09:33:00,75142.02,75156.12,75126.01,75153.26
2026-05-20,09:36:00,75161.19,75167.59,75119.07,75120.23
2026-05-20,09:39:00,75117.45,75122.54,75072.06,75098.79
2026-05-20,09:42:00,75095.87,75138.68,75091.78,75136.82
2026-05-20,09:45:00,75137.06,75138.11,75099.83,75123.63
2026-05-20,09:48:00,75113.96,75119.19,75085.92,75085.92
2026-05-20,09:51:00,75066.88,75090.83,75036.12,75082.19
2026-05-20,09:54:00,75080,75080,75027.77,75029.09
2026-05-20,09:57:00,75033.43,75096.06,75030.44,75084.96
2026-05-20,10:00:00,75084.19,75084.19,74991.41,75003.31
2026-05-20,10:03:00,75000.73,75034.82,74993.14,75034.82
2026-05-20,10:06:00,75037.62,75102.43,75035.99,75094.29
2026-05-20,10:09:00,75091.34,75175.18,75091.34,75154.33
2026-05-20,10:12:00,75144.8,75144.8,75100.64,75100.64
2026-05-20,10:15:00,75100.49,75101.06,75082.34,75100.91
2026-05-20,10:18:00,75101.82,75110.77,75094.19,75099.88
2026-05-20,10:21:00,75098.73,75121.12,75070.63,75083.1
2026-05-20,10:24:00,75087.42,75104.56,75081.94,75100.43
2026-05-20,10:27:00,75098.14,75145.13,75097.84,75139.19
2026-05-20,10:30:00,75141.62,75176.42,75141.62,75174.99
2026-05-20,10:33:00,75189.37,75255.06,75189.37,75247
2026-05-20,10:36:00,75247,75248.97,75197.09,75213.19
2026-05-20,10:39:00,75213.47,75290.42,75208.36,75290.42
2026-05-20,10:42:00,75292.89,75319.02,75292.89,75314.81
2026-05-20,10:45:00,75308.26,75309.75,75283.97,75295.46
2026-05-20,10:48:00,75292.84,75311.97,75292.84,75298.15
2026-05-20,10:51:00,75297.43,75298.05,75269.99,75281.39
2026-05-20,10:54:00,75285.33,75370.36,75284.05,75360.04
2026-05-20,10:57:00,75371.61,75382.22,75317.6,75320
2026-05-20,11:00:00,75319.31,75329.02,75306.07,75322.46
2026-05-20,11:03:00,75345.23,75369.62,75337.7,75337.7
2026-05-20,11:06:00,75341.14,75345.52,75313.81,75313.81
2026-05-20,11:09:00,75303.15,75336.7,75301.3,75326.31
2026-05-20,11:12:00,75329.72,75369.67,75329.72,75348.64
2026-05-20,11:15:00,75350.78,75372.45,75347.97,75353.59
2026-05-20,11:18:00,75358.05,75390.76,75332.58,75363.13
2026-05-20,11:21:00,75361.46,75391.18,75358.21,75371.92
2026-05-20,11:24:00,75376.67,75390.68,75350.9,75388.1
2026-05-20,11:27:00,75385.43,75397.34,75382.42,75389.21
2026-05-20,11:30:00,75383.29,75406.18,75371.73,75380.32
2026-05-20,11:33:00,75334.22,75334.22,75246.15,75253.3
2026-05-20,11:36:00,75249.2,75271.9,75245.64,75249.4
2026-05-20,11:39:00,75249.53,75354.74,75248.51,75335.53
2026-05-20,11:42:00,75337.93,75347.7,75311.98,75345.85
2026-05-20,11:45:00,75343.96,75348.32,75322.68,75324.68
2026-05-20,11:48:00,75323.88,75323.88,75308.42,75316.07
2026-05-20,11:51:00,75316.34,75317.43,75316.34,75316.71
2026-05-20,11:54:00,75316.71,75316.9,75315.05,75315.44
2026-05-20,11:57:00,75315.44,75316.29,75314.77,75316.29
2026-05-20,12:00:00,75316.29,75318.39,75315.7,75318.39
2026-05-21,05:42:00,75732.42,75732.42,75732.42,75732.42
2026-05-21,05:48:00,75714.14,75932.29,75702.3,75702.3
2026-05-21,05:51:00,75700.85,75738.52,75556.01,75582.93
2026-05-21,05:54:00,75591.96,75700.2,75578.58,75700.2
2026-05-21,05:57:00,75685.86,75685.86,75590.95,75594.59
2026-05-21,06:00:00,75583.54,75629.27,75526.8,75560
2026-05-21,06:03:00,75566.84,75611.68,75534.67,75534.67
2026-05-21,06:06:00,75523.23,75528.29,75476.74,75479.85
2026-05-21,06:09:00,75501.45,75577.65,75501.45,75562.46
2026-05-21,06:12:00,75549.75,75620.84,75539.02,75558.01
2026-05-21,06:15:00,75557.98,75678.9,75549.63,75662.13
2026-05-21,06:18:00,75669.62,75684.6,75628.08,75663.14
2026-05-21,06:21:00,75674.64,75682.32,75603.97,75640.11
2026-05-21,06:24:00,75643.3,75718.43,75637.96,75700.39
2026-05-21,06:27:00,75695.74,75744.96,75663.53,75679.81
2026-05-21,06:30:00,75681.51,75716.5,75557.46,75594.74
2026-05-21,06:33:00,75586.86,75653.29,75557.37,75643.01
2026-05-21,06:36:00,75633.91,75640.34,75581.24,75609.58
2026-05-21,06:39:00,75604.61,75632.01,75507.72,75507.8
2026-05-21,06:42:00,75506.76,75587.8,75506.76,75556.41
2026-05-21,06:45:00,75554.3,75600.38,75537.37,75567.28
2026-05-21,06:48:00,75566.46,75622.33,75566.46,75613.52
2026-05-21,06:51:00,75611.54,75630.61,75559.75,75585.11
2026-05-21,06:54:00,75583.55,75611.14,75565.68,75611.14
2026-05-21,06:57:00,75606.6,75606.6,75557.29,75583.74
2026-05-21,07:00:00,75583.53,75630.52,75554.56,75577.09
2026-05-21,07:03:00,75582.31,75653.08,75560.53,75615.77
2026-05-21,07:06:00,75610.89,75610.89,75539.37,75545.01
2026-05-21,07:09:00,75547.86,75562.51,75467.59,75470.55
2026-05-21,07:12:00,75466.72,75540.5,75461.41,75510.9
2026-05-21,07:15:00,75503.28,75569.65,75481.65,75568.66
2026-05-21,07:18:00,75574.24,75612.48,75546.09,75552.8
2026-05-21,07:21:00,75553.95,75557.65,75510.06,75513.9
2026-05-21,07:24:00,75510.36,75516.9,75458.11,75458.11
2026-05-21,07:27:00,75458.09,75512.2,75424.38,75448.98
2026-05-21,07:30:00,75448.14,75483.29,75407.01,75433.87
2026-05-21,07:33:00,75425.55,75425.55,75364.23,75394.19
2026-05-21,07:36:00,75395.84,75412.47,75382.94,75386.91
2026-05-21,07:39:00,75386.58,75390.89,75371.51,75389.49
2026-05-21,07:42:00,75390.13,75414.25,75379.28,75379.28
2026-05-21,07:45:00,75378.8,75389.55,75340.77,75341.29
2026-05-21,07:48:00,75341.68,75343.83,75211.77,75211.77
2026-05-21,07:51:00,75180.47,75303.99,75167.81,75302.99
2026-05-21,07:54:00,75306.26,75357.83,75281.41,75353.38
2026-05-21,07:57:00,75360.45,75433.95,75360.45,75418.83
2026-05-21,08:00:00,75415.23,75498.68,75415.23,75491.66
2026-05-21,08:03:00,75493.47,75497.59,75444.56,75457.67
2026-05-21,08:06:00,75457.49,75470.45,75457.45,75457.45
2026-05-21,08:09:00,75458.51,75490.49,75443.73,75463.06
2026-05-21,08:12:00,75462.2,75468.56,75436.15,75439.31
2026-05-21,08:15:00,75437.03,75443.97,75419.52,75441.13
2026-05-21,08:18:00,75444.32,75455.73,75432.13,75434.38
2026-05-21,08:21:00,75432.98,75432.98,75402,75417.35
2026-05-21,08:24:00,75418.07,75483.89,75416.87,75436.82
2026-05-21,08:27:00,75442.61,75464.71,75411.64,75420.36
2026-05-21,08:30:00,75418.92,75422.74,75394.95,75402.99
2026-05-21,08:33:00,75402.66,75459.7,75390.46,75458.33
2026-05-21,08:36:00,75464.8,75485.29,75446.67,75462.99
2026-05-21,08:39:00,75457.66,75464.48,75429.39,75454.66
2026-05-21,08:42:00,75458.89,75469.57,75440.95,75447.85
2026-05-21,08:45:00,75445.92,75452.23,75360.22,75360.74
2026-05-21,08:48:00,75361.23,75399.25,75353.51,75376.03
2026-05-21,08:51:00,75374.42,75383.06,75306.42,75352.86
2026-05-21,08:54:00,75350.22,75395.97,75349.88,75372.92
2026-05-21,08:57:00,75362.78,75362.78,75266.14,75266.14
2026-05-21,09:00:00,75263.98,75263.98,75177.89,75229.15
2026-05-21,09:03:00,75218.41,75218.41,75181.17,75191.12
2026-05-21,09:06:00,75190.26,75241.03,75181.27,75223.22
2026-05-21,09:09:00,75218.72,75218.72,75129.29,75129.29
2026-05-21,09:12:00,75122.82,75127.51,75031.94,75035.51
2026-05-21,09:15:00,75040.79,75156.41,75035.85,75140.69
2026-05-21,09:18:00,75130.71,75130.71,75051.07,75085.61
2026-05-21,09:21:00,75098.47,75127.19,75093.51,75122.78
2026-05-21,09:24:00,75125.87,75153.88,75122.31,75153.11
2026-05-21,09:27:00,75153.22,75153.22,75101.1,75112.19
2026-05-21,09:30:00,75106.43,75117.12,75063.78,75077.64
2026-05-21,09:33:00,75078.69,75085.22,75032.2,75038.1
2026-05-21,09:36:00,75041.04,75073.7,74996.78,75068.33
2026-05-21,09:39:00,75068.99,75113.55,75032.67,75113.52
2026-05-21,09:42:00,75112.87,75169.55,75106.24,75127.17
2026-05-21,09:45:00,75125.6,75137.77,75101.63,75137.32
2026-05-21,09:48:00,75129.7,75153.88,75102.98,75128.17
2026-05-21,09:51:00,75132.95,75169.04,75099.45,75159.69
2026-05-21,09:54:00,75158.99,75158.99,75110.9,75120.32
2026-05-21,09:57:00,75110.22,75125.01,75105.49,75105.74
2026-05-21,10:00:00,75099.99,75118.22,75088.01,75088.01
2026-05-21,10:03:00,75094.93,75094.93,75058.2,75085.01
2026-05-21,10:06:00,75091.67,75151.07,75091.67,75151.07
2026-05-21,10:09:00,75153.86,75223.86,75149.47,75219.07
2026-05-21,10:12:00,75220.33,75253.34,75194.2,75253.34
2026-05-21,10:15:00,75229.41,75270.45,75227.75,75257.3
2026-05-21,10:18:00,75241.42,75281.61,75240.93,75277.53
2026-05-21,10:21:00,75277.41,75291.94,75177.14,75184.64
2026-05-21,10:24:00,75178.96,75188.25,75146.42,75173.75
2026-05-21,10:27:00,75163.17,75163.17,75120.07,75120.07
2026-05-21,10:30:00,75118.87,75230.5,75114.84,75211.15
2026-05-21,10:33:00,75217.31,75217.31,75126.05,75129.67
2026-05-21,10:36:00,75129.42,75157.5,75124.21,75134.28
2026-05-21,10:39:00,75133.2,75134.89,75116.81,75131.83
2026-05-21,10:42:00,75131.77,75133.98,75107.96,75131.96
2026-05-21,10:45:00,75131.36,75173.5,75125.56,75150.57
2026-05-21,10:48:00,75129.69,75165.65,75105.63,75160.83
2026-05-21,10:51:00,75159.98,75188.48,75141.4,75188.48
2026-05-21,10:54:00,75187.79,75212.43,75187.74,75203.18
2026-05-21,10:57:00,75202.65,75248.52,75193.32,75234.09
2026-05-21,11:00:00,75238.94,75243.71,75147.96,75185.54
2026-05-21,11:03:00,75184.76,75268.71,75174.61,75206.91
2026-05-21,11:06:00,75200.06,75245.04,75166.15,75238.64
2026-05-21,11:09:00,75236.17,75249.56,75213.31,75217.24
2026-05-21,11:12:00,75225.97,75274.53,75181.72,75274.53
2026-05-21,11:15:00,75288.55,75349.71,75236.55,75239.26
2026-05-21,11:18:00,75244.55,75312.99,75228.89,75289.28
2026-05-21,11:21:00,75291.91,75303.74,75262.79,75270.38
2026-05-21,11:24:00,75284,75342.08,75234.91,75235.16
2026-05-21,11:27:00,75244.42,75326.69,75231.54,75249.01
2026-05-21,11:30:00,75261.08,75333.01,75252.55,75265.28
2026-05-21,11:33:00,75268.02,75298.74,75147.97,75156.79
2026-05-21,11:36:00,75155.9,75251.88,75151.89,75193.4
2026-05-21,11:39:00,75187.07,75275.62,75150.73,75212.36
2026-05-21,11:42:00,75217.14,75242.06,75122.53,75128.48
2026-05-21,11:45:00,75124.87,75208.17,75097.62,75114.13
2026-05-21,11:48:00,75123.96,75194.1,75123.96,75186.49
2026-05-21,11:51:00,75186.2,75186.22,75181.98,75182.13
2026-05-21,11:54:00,75182.28,75187.67,75181.14,75187.63
2026-05-21,11:57:00,75187.63,75188.89,75185.46,75185.46
2026-05-21,12:00:00,75185.82,75185.85,75183.36,75183.36
2026-05-22,05:42:00,75260.39,75260.39,75260.39,75260.39
2026-05-22,05:48:00,75314.62,75373.01,75280.89,75308.18
2026-05-22,05:51:00,75303.37,75393.64,75288.76,75381.56
2026-05-22,05:54:00,75397.19,75514.69,75397.19,75509.43
2026-05-22,05:57:00,75511.06,75544.94,75488.67,75493.24
2026-05-22,06:00:00,75488.22,75545.19,75487.68,75497.77
2026-05-22,06:03:00,75512.77,75556.58,75507.11,75526
2026-05-22,06:06:00,75525.78,75639.83,75508.51,75624.47
2026-05-22,06:09:00,75620.93,75622.64,75559.21,75579.8
2026-05-22,06:12:00,75578.98,75588.43,75502.64,75514.31
2026-05-22,06:15:00,75518.75,75603.81,75505.49,75568.44
2026-05-22,06:18:00,75568.47,75591.61,75550.19,75587.34
2026-05-22,06:21:00,75583.74,75586.9,75522.6,75561.19
2026-05-22,06:24:00,75567.64,75660.17,75567.64,75636.16
2026-05-22,06:27:00,75640.3,75651.42,75605.1,75620.27
2026-05-22,06:30:00,75622.43,75683.2,75622.43,75647.64
2026-05-22,06:33:00,75647.96,75652.86,75619.83,75640.88
2026-05-22,06:36:00,75637.56,75656.95,75595.17,75616.4
2026-05-22,06:39:00,75615.88,75669.1,75611.35,75668.32
2026-05-22,06:42:00,75668.58,75704.33,75668.58,75700.51
2026-05-22,06:45:00,75715.76,75719.16,75686.92,75691.5
2026-05-22,06:48:00,75688.95,75701.15,75640.77,75640.77
2026-05-22,06:51:00,75642.18,75644.41,75588.3,75592.07
2026-05-22,06:54:00,75594.71,75656.41,75594.71,75634.35
2026-05-22,06:57:00,75634.7,75634.7,75579.85,75596.93
2026-05-22,07:00:00,75596.93,75605.7,75577.01,75581.6
2026-05-22,07:03:00,75584.94,75600.57,75579.43,75594.44
2026-05-22,07:06:00,75591.24,75649.92,75591.24,75631.64
2026-05-22,07:09:00,75623.04,75636.26,75590.36,75593.81
2026-05-22,07:12:00,75599.76,75651.74,75589.69,75632.14
2026-05-22,07:15:00,75622.81,75674.1,75621.84,75671.88
2026-05-22,07:18:00,75669.96,75689.62,75655.45,75681.83
2026-05-22,07:21:00,75676.93,75679.8,75624.26,75624.26
2026-05-22,07:24:00,75624.6,75654.93,75624.42,75641.36
2026-05-22,07:27:00,75643.07,75651.85,75624.35,75642.06
2026-05-22,07:30:00,75640.92,75645.6,75623.82,75641.31
2026-05-22,07:33:00,75640.2,75640.52,75616.18,75616.18
2026-05-22,07:36:00,75620.68,75637.96,75608.95,75628.2
2026-05-22,07:39:00,75625.54,75632.65,75603.96,75606.13
2026-05-22,07:42:00,75601.23,75621.93,75595.5,75617.37
2026-05-22,07:45:00,75618.82,75620.37,75578.4,75589.63
2026-05-22,07:48:00,75588.56,75599.5,75581.28,75582.3
2026-05-22,07:51:00,75580.97,75593.43,75554.51,75560.27
2026-05-22,07:54:00,75562.98,75642.28,75562.98,75636.03
2026-05-22,07:57:00,75629.97,75642.1,75571.49,75572.73
2026-05-22,08:00:00,75568.51,75570.11,75536.27,75570.11
2026-05-22,08:03:00,75557.53,75569.57,75527.52,75569.57
2026-05-22,08:06:00,75567.23,75581.24,75545.38,75547.78
2026-05-22,08:09:00,75545.7,75576.74,75545.7,75576.35
2026-05-22,08:12:00,75574.76,75635.59,75574.75,75635.59
2026-05-22,08:15:00,75636.5,75702.33,75636.5,75699.16
2026-05-22,08:18:00,75709.27,75771.3,75704.9,75721.19
2026-05-22,08:21:00,75724.88,75725.94,75700.48,75700.48
2026-05-22,08:24:00,75697.93,75708.03,75690.69,75703.63
2026-05-22,08:27:00,75704.5,75708.37,75692.56,75698.24
2026-05-22,08:30:00,75702.09,75712.43,75686.57,75700.99
2026-05-22,08:33:00,75702.36,75704.6,75663.46,75670.27
2026-05-22,08:36:00,75668.9,75672.53,75652.01,75652.01
2026-05-22,08:39:00,75653.07,75688.41,75650.45,75675.27
2026-05-22,08:42:00,75677.78,75690.46,75657.22,75689.11
2026-05-22,08:45:00,75688.83,75702.48,75677.22,75683.5
2026-05-22,08:48:00,75682.5,75694.55,75676.54,75678.88
2026-05-22,08:51:00,75663.75,75680.53,75660.76,75661.8
2026-05-22,08:54:00,75661.8,75669.4,75630.48,75630.96
2026-05-22,08:57:00,75631.84,75633.98,75598.38,75620.99
2026-05-22,09:00:00,75622.92,75631.58,75608.61,75615.6
2026-05-22,09:03:00,75614.85,75619.29,75556.64,75567.76
2026-05-22,09:06:00,75573.24,75607.78,75572.98,75598.27
2026-05-22,09:09:00,75597.71,75624.37,75594.54,75617.15
2026-05-22,09:12:00,75616.24,75651.06,75612.17,75650.65
2026-05-22,09:15:00,75654.21,75686.89,75631.38,75669.65
2026-05-22,09:18:00,75671.84,75711.05,75670.35,75711.05
2026-05-22,09:21:00,75711.06,75787.35,75707.36,75780.55
2026-05-22,09:24:00,75780.68,75798.24,75778.3,75778.38
2026-05-22,09:27:00,75782.52,75807.41,75780.46,75784.78
2026-05-22,09:30:00,75782.37,75810.9,75779.11,75780.38
2026-05-22,09:33:00,75783.06,75806.58,75765.71,75766.14
2026-05-22,09:36:00,75766.33,75795.73,75763.15,75776.93
2026-05-22,09:39:00,75775.17,75779.27,75739.66,75778.64
2026-05-22,09:42:00,75770.37,75777.4,75758.48,75767.58
2026-05-22,09:45:00,75766,75771.8,75746.67,75754.4
2026-05-22,09:48:00,75757.49,75766.8,75741.3,75741.3
2026-05-22,09:51:00,75741.71,75749.76,75715.93,75740.55
2026-05-22,09:54:00,75745.71,75751.02,75706.71,75706.71
2026-05-22,09:57:00,75706.44,75736.71,75706.44,75736.71
2026-05-22,10:00:00,75734.33,75734.33,75703.84,75726.14
2026-05-22,10:03:00,75726.37,75732.27,75713.2,75731.14
2026-05-22,10:06:00,75730.28,75746.46,75725.5,75736.67
2026-05-22,10:09:00,75728.24,75728.24,75704.27,75722.05
2026-05-22,10:12:00,75720.11,75737.57,75714.57,75727.43
2026-05-22,10:15:00,75727.33,75727.58,75694.81,75694.81
2026-05-22,10:18:00,75697.28,75757.84,75696.33,75748.6
2026-05-22,10:21:00,75748.87,75750.24,75704.26,75717.97
2026-05-22,10:24:00,75714.57,75717.81,75679.35,75690.03
2026-05-22,10:27:00,75688.32,75690.35,75643.13,75655.96
2026-05-22,10:30:00,75655.28,75663.06,75635.17,75654.05
2026-05-22,10:33:00,75654.62,75668.68,75624.42,75624.42
2026-05-22,10:36:00,75623.82,75628.7,75522.84,75558.55
2026-05-22,10:39:00,75554.73,75602.09,75541.17,75595.68
2026-05-22,10:42:00,75611.46,75621.22,75593.79,75601.14
2026-05-22,10:45:00,75598.06,75616.48,75579.72,75616.48
2026-05-22,10:48:00,75606.58,75618.54,75574,75575.29
2026-05-22,10:51:00,75579.6,75587.1,75535.75,75535.75
2026-05-22,10:54:00,75538.71,75569.57,75512.01,75569.57
2026-05-22,10:57:00,75569.45,75569.58,75541.65,75542.85
2026-05-22,11:00:00,75541.2,75553.03,75502.66,75503.73
2026-05-22,11:03:00,75489.06,75516.55,75434.27,75515.36
2026-05-22,11:06:00,75511.13,75526.13,75499.07,75505.6
2026-05-22,11:09:00,75508.59,75515.76,75435.21,75443.01
2026-05-22,11:12:00,75438.92,75459.52,75430.31,75444.27
2026-05-22,11:15:00,75431.78,75438.78,75390.59,75393.72
2026-05-22,11:18:00,75391.14,75435.74,75382.4,75423.22
2026-05-22,11:21:00,75432.02,75461.62,75432.02,75438.09
2026-05-22,11:24:00,75438.45,75447.79,75427.77,75427.77
2026-05-22,11:27:00,75423.57,75442.02,75416.24,75419.83
2026-05-22,11:30:00,75416.44,75442.38,75408.18,75442.38
2026-05-22,11:33:00,75434.21,75438.88,75361.95,75383.8
2026-05-22,11:36:00,75386.15,75399.17,75383.72,75385.08
2026-05-22,11:39:00,75388.02,75407.54,75377.13,75404.93
2026-05-22,11:42:00,75402.74,75407.67,75366.56,75367.34
2026-05-22,11:45:00,75374.87,75410.91,75374.87,75409.68
2026-05-22,11:48:00,75389.13,75392.43,75388.8,75392.43
2026-05-22,11:51:00,75392.07,75393.53,75391.93,75392.18
2026-05-22,11:54:00,75392.35,75395.09,75392.29,75395.09
2026-05-22,11:57:00,75395.09,75404.05,75395.09,75403.96
2026-05-22,12:00:00,75403.96,75415.35,75403.96,75415.35
